cutoff,n_styles,n_winners,base_rate,threshold_units,method,pr_auc,precision@20,precision@50,recall@50,brier_raw,ece_raw,brier_cal,ece_cal
2020-05-27,18767,188,0.010017584057121543,1348.0,LightGBM classifier,0.8049239587385226,1.0,0.96,0.2553191489361702,0.0046861769724246,0.003968016747613545,0.004073849092247897,0.003028117895584545
2020-05-27,18767,188,0.010017584057121543,1348.0,Last week × 4,0.7861149727516182,1.0,0.94,0.25,,,,
2020-05-27,18767,188,0.010017584057121543,1348.0,Last 4 weeks units,0.7635610383307035,1.0,0.94,0.25,,,,
2020-05-27,18767,188,0.010017584057121543,1348.0,LightGBM regressor (units),0.8059473226821265,0.95,0.96,0.2553191489361702,,,,
2020-06-03,18545,186,0.010029657589646804,1510.0,LightGBM classifier,0.7866452925795202,1.0,1.0,0.26881720430107525,0.005557992040112931,0.005156851840929844,0.004491722122840114,0.0037219559481345183
2020-06-03,18545,186,0.010029657589646804,1510.0,Last week × 4,0.7887286278254124,1.0,0.98,0.26344086021505375,,,,
2020-06-03,18545,186,0.010029657589646804,1510.0,Last 4 weeks units,0.741320974775382,0.95,0.94,0.25268817204301075,,,,
2020-06-03,18545,186,0.010029657589646804,1510.0,LightGBM regressor (units),0.7948878356972812,1.0,0.98,0.26344086021505375,,,,
2020-06-10,18557,186,0.01002317184889799,1512.0,LightGBM classifier,0.7198219195557727,1.0,0.96,0.25806451612903225,0.00581762161087494,0.004210450520217387,0.005078689444338182,0.002200222588475308
2020-06-10,18557,186,0.01002317184889799,1512.0,Last week × 4,0.7126036429378757,1.0,0.92,0.24731182795698925,,,,
2020-06-10,18557,186,0.01002317184889799,1512.0,Last 4 weeks units,0.6883494625523049,0.9,0.92,0.24731182795698925,,,,
2020-06-10,18557,186,0.01002317184889799,1512.0,LightGBM regressor (units),0.7253307699689071,1.0,0.94,0.25268817204301075,,,,
2020-06-17,18723,188,0.010041125887945307,1479.0,LightGBM classifier,0.7500656616750122,1.0,1.0,0.26595744680851063,0.005091408558794393,0.0033024484743241077,0.004599417405442595,0.0008872842413696035
2020-06-17,18723,188,0.010041125887945307,1479.0,Last week × 4,0.7316960863820019,1.0,0.96,0.2553191489361702,,,,
2020-06-17,18723,188,0.010041125887945307,1479.0,Last 4 weeks units,0.7055208433014936,0.95,0.94,0.25,,,,
2020-06-17,18723,188,0.010041125887945307,1479.0,LightGBM regressor (units),0.747020983942441,1.0,0.98,0.26063829787234044,,,,
2020-06-24,19010,191,0.010047343503419253,1254.0,LightGBM classifier,0.7835127579735709,1.0,1.0,0.2617801047120419,0.00518692500905182,0.004284529239637948,0.0043916846364793274,0.002081536674497994
2020-06-24,19010,191,0.010047343503419253,1254.0,Last week × 4,0.6795139970214762,0.95,0.86,0.225130890052356,,,,
2020-06-24,19010,191,0.010047343503419253,1254.0,Last 4 weeks units,0.7484902313040652,1.0,0.98,0.25654450261780104,,,,
2020-06-24,19010,191,0.010047343503419253,1254.0,LightGBM regressor (units),0.7851560881914529,1.0,1.0,0.2617801047120419,,,,
2020-07-01,19231,193,0.010035879569445167,1047.0,LightGBM classifier,0.7667226337763186,1.0,0.98,0.2538860103626943,0.004933434624604154,0.003416167829763847,0.004372749428453671,0.001222143438887172
2020-07-01,19231,193,0.010035879569445167,1047.0,Last week × 4,0.6780172383010626,1.0,0.88,0.22797927461139897,,,,
2020-07-01,19231,193,0.010035879569445167,1047.0,Last 4 weeks units,0.7177528665401146,1.0,0.96,0.24870466321243523,,,,
2020-07-01,19231,193,0.010035879569445167,1047.0,LightGBM regressor (units),0.7544340723120768,1.0,0.98,0.2538860103626943,,,,
2020-07-08,19359,195,0.010072834340616767,968.0,LightGBM classifier,0.8200969781075826,1.0,0.98,0.2512820512820513,0.003837364710701287,0.0016118694117711167,0.0042281461026270045,0.0026321355799010853
2020-07-08,19359,195,0.010072834340616767,968.0,Last week × 4,0.8158901599971937,1.0,0.98,0.2512820512820513,,,,
2020-07-08,19359,195,0.010072834340616767,968.0,Last 4 weeks units,0.7230611472853972,1.0,0.96,0.24615384615384617,,,,
2020-07-08,19359,195,0.010072834340616767,968.0,LightGBM regressor (units),0.8405419158976541,1.0,1.0,0.2564102564102564,,,,
2020-07-15,19610,197,0.010045894951555329,973.0,LightGBM classifier,0.7951109518721757,1.0,1.0,0.25380710659898476,0.004225762421654909,0.002606493946191753,0.004729687763897026,0.003513365158925061
2020-07-15,19610,197,0.010045894951555329,973.0,Last week × 4,0.7373124539283948,0.95,0.9,0.22842639593908629,,,,
2020-07-15,19610,197,0.010045894951555329,973.0,Last 4 weeks units,0.6917072837145329,1.0,0.98,0.24873096446700507,,,,
2020-07-15,19610,197,0.010045894951555329,973.0,LightGBM regressor (units),0.7941672617515274,1.0,0.96,0.2436548223350254,,,,
2020-07-22,19832,199,0.010034288019362646,934.0,LightGBM classifier,0.7634103527794289,1.0,1.0,0.25125628140703515,0.0048202969166416115,0.0038112156993994305,0.005273695725370437,0.004416658898272828
2020-07-22,19832,199,0.010034288019362646,934.0,Last week × 4,0.7512351739976122,1.0,0.96,0.24120603015075376,,,,
2020-07-22,19832,199,0.010034288019362646,934.0,Last 4 weeks units,0.6967876670613519,1.0,0.98,0.24623115577889448,,,,
2020-07-22,19832,199,0.010034288019362646,934.0,LightGBM regressor (units),0.7614890596126214,1.0,0.98,0.24623115577889448,,,,
2020-07-29,20091,201,0.010004479617739287,900.0,LightGBM classifier,0.7078318889415017,1.0,0.98,0.24378109452736318,0.005311422654571958,0.003744562070993524,0.005687391731937432,0.004492469992681242
2020-07-29,20091,201,0.010004479617739287,900.0,Last week × 4,0.7007626775912813,1.0,1.0,0.24875621890547264,,,,
2020-07-29,20091,201,0.010004479617739287,900.0,Last 4 weeks units,0.6503323527318152,1.0,0.94,0.23383084577114427,,,,
2020-07-29,20091,201,0.010004479617739287,900.0,LightGBM regressor (units),0.7040269357727628,1.0,0.98,0.24378109452736318,,,,
2020-08-26,20639,207,0.010029555695527884,857.0,LightGBM classifier,0.7021628083936363,1.0,0.96,0.2318840579710145,0.00505984270027269,0.002713538934392498,0.005168623425307076,0.0022479866748785424
2020-08-26,20639,207,0.010029555695527884,857.0,Last week × 4,0.686612104141546,0.95,0.98,0.23671497584541062,,,,
2020-08-26,20639,207,0.010029555695527884,857.0,Last 4 weeks units,0.4019205924241072,0.9,0.72,0.17391304347826086,,,,
2020-08-26,20639,207,0.010029555695527884,857.0,LightGBM regressor (units),0.6747966508804127,1.0,0.96,0.2318840579710145,,,,
