product_code,units_w1,units_w2,units_w4,y_units,pred_units,growth,prod_name,product_type_name,product_group_name,garment_group_name,index_group_name,section_name,colour_group_name,graphical_appearance_name,n_colours,detail_desc
0751471,1711,3727,9182,,7417.263039648657,-0.19219526904283857,Pluto RW slacks (1),Trousers,Garment Lower body,Trousers,Ladieswear,Womens Everyday Collection,Black,Solid,10,"Ankle-length cigarette trousers in a stretch weave with a zip fly, concealed hook-and-eye fastening, and regular waist with concealed elastication. Side pockets, fake back pockets and tapered legs."
0706016,1517,3697,8198,,6853.691095793475,-0.163980105416751,Jade HW Skinny Denim TRS,Trousers,Garment Lower body,Trousers,Divided,Divided Collection,Dark Blue,Solid,10,"High-waisted jeans in washed superstretch denim with a zip fly and button, fake front pockets, real back pockets and super-skinny legs."
0762846,1705,3560,6662,,6492.265586159937,-0.025477996673681003,Lucy blouse,Shirt,Garment Upper body,Blouses,Ladieswear,Womens Tailoring,White,Solid,11,"Long-sleeved blouse in woven fabric with a collar, V-neck, buttons down the front, buttoned cuffs and a rounded hem."
0685814,1165,2726,6108,,5485.584622262755,-0.101901666296209,RICHIE HOOD,Hoodie,Garment Upper body,Jersey Basic,Menswear,Men Underwear,Dark Blue,Solid,23,"Hoodie in sweatshirt fabric made from a cotton blend. Relaxed fit with a lined, drawstring hood, long sleeves, kangaroo pocket and ribbing at the cuffs and hem. Soft brushed inside."
0456163,1054,2050,4616,,4768.001170902611,0.03292919646936987,Woody hoodie,Hoodie,Garment Upper body,Jersey Basic,Ladieswear,Womens Everyday Basics,Grey,Solid,17,"Wide top in sweatshirt fabric with a lined drawstring hood, kangaroo pocket and ribbing at the cuffs and hem."
0573085,1407,2231,3306,,4632.901165498582,0.4013615140649067,Madison skinny HW,Trousers,Garment Lower body,Trousers,Ladieswear,Womens Everyday Collection,Blue,Denim,7,"5-pocket jeans in washed stretch denim with a high waist, zip fly and slim legs."
0685813,1011,2165,4545,,4496.144853636864,-0.0107492071206019,PETAR SWEATSHIRT,Sweater,Garment Upper body,Jersey Basic,Menswear,Men Underwear,Dark Green,Solid,22,"Top in soft sweatshirt fabric. Slightly looser fit with dropped shoulders and ribbing around the neckline, cuffs and hem. Soft brushed inside."
0884319,1351,2438,4997,,4398.48826060676,-0.11977421240609154,Lucien CONSCIOUS,Blouse,Garment Upper body,Blouses,Ladieswear,Womens Everyday Collection,Black,All over pattern,7,"Blouse in an airy weave with a stand-up collar and gathers at the top to create soft draping front and back. Opening with covered buttons at the back of the neck, long puff sleeves, cuffs with covered buttons, and a gently rounded hem."
0915529,1210,2299,4570,,4045.1709609263985,-0.1148422404975058,Liliana,Sweater,Garment Upper body,Knitwear,Ladieswear,Womens Everyday Collection,Beige,Solid,2,"Jumper in a soft, fine knit containing some wool with a square neckline and long puff sleeves. Wide ribbing at the cuffs and hem. The polyester content of the jumper is recycled."
0673677,964,2026,3202,,3916.897735114095,0.2232660009725469,Henry polo. (1),Sweater,Garment Upper body,Knitwear,Ladieswear,Womens Tailoring,Black,Solid,11,"Jumper in a soft, fine knit with a ribbed polo neck and ribbing at the cuffs and hem."
0924243,1487,2556,2706,,3915.3219048444416,0.4469038820563347,Ohlsson,Sweater,Garment Upper body,Knitwear,Ladieswear,Womens Everyday Collection,Beige,Solid,2,"Relaxed-fit sweater vest in a soft rib knit containing some wool with ribbing around the neckline, and slits in the sides. Slightly longer at the back. The polyester content of the sweater vest is recycled."
0714790,970,1724,3790,,3805.8694200516156,0.004187182071666351,Mom Fit Ultra HW,Trousers,Garment Lower body,Trousers Denim,Divided,Ladies Denim,Blue,Denim,5,"5-pocket, ankle-length jeans in washed, stretch cotton denim with an extra-high waist. Slightly looser fit with straight legs. The cotton content of the jeans is partly recycled."
0873279,1062,1720,2339,,3636.2884989465465,0.5546338174204988,Osman,Sweater,Garment Upper body,Knitwear,Ladieswear,Womens Everyday Collection,Beige,Solid,6,"Slightly shorter polo-neck jumper in a rib knit containing some wool with dropped shoulders, long sleeves and roll-edges around the neckline, cuffs and hem. The polyester content of the jumper is recycled."
0715624,688,1697,5106,,3582.785705373441,-0.29831850658569503,Becka hoodie,Hoodie,Garment Upper body,Jersey Basic,Divided,Divided Basics,Beige,Embroidery,14,"Long-sleeved top in soft sweatshirt fabric with a jersey-lined, drawstring hood, kangaroo pocket and ribbing at the cuffs and hem. Soft brushed inside."
0803757,794,1758,3994,,3560.271167514753,-0.10859510077247048,Bradley trousers,Trousers,Garment Lower body,Jersey Basic,Ladieswear,Womens Everyday Basics,Grey,Solid,10,Joggers in lightweight sweatshirt fabric made from a cotton blend with covered elastication and a drawstring at the waist. Tapered legs with jersey ribbing at the hems.
0914441,839,1733,4380,,3409.395671196552,-0.22159916182727124,Curvy Jegging HW.,Trousers,Garment Lower body,Trousers Denim,Divided,Ladies Denim,Blue,Denim,4,"Ankle-length jeggings in soft, stretch denim with worn details. Extra-high waist, zip fly and button, fake front pockets, real back pockets and skinny legs."
0863595,892,1873,4516,,3386.586130935661,-0.2500916450541052,Baraboom throw-on,Cardigan,Garment Upper body,Knitwear,Ladieswear,Womens Everyday Collection,Black,Melange,4,"Long cardigan in a soft, fine knit containing some wool with dropped shoulders, long sleeves and ribbing at the cuffs, hem and back of the neck. No buttons. The polyester content of the cardigan is recycled."
0863646,848,1918,3788,,3316.4153955051734,-0.12449435176737766,Matey,Sweater,Garment Upper body,Knitwear,Ladieswear,Womens Everyday Collection,Beige,Melange,6,"Wide, V-neck jumper in a knit containing some wool with dropped shoulders, long sleeves and ribbing at the cuffs and hem. The polyester content of the jumper is recycled."
0610776,792,1670,4056,,3212.3252606606225,-0.2080065925392942,Tilly (1),T-shirt,Garment Upper body,Jersey Basic,Ladieswear,Womens Everyday Basics,Off White,All over pattern,17,T-shirt in lightweight jersey with a rounded hem. Slightly longer at the back.
0448509,756,1659,3405,,3171.7561207925683,-0.06850040505357757,Perrie Slim Mom Denim TRS,Trousers,Garment Lower body,Trousers,Divided,Divided Collection,Blue,Solid,10,"5-pocket, ankle-length jeans in washed, sturdy cotton denim with a high waist, button fly and slim, straight legs with raw-edge hems."
0918292,872,1905,4048,,3154.042813276775,-0.22083922596917605,STRONG HW seamless tights,Leggings/Tights,Garment Lower body,Jersey Fancy,Sport,Ladies H&M Sport,Black,Melange,4,"Sports tights in fast-drying functional fabric with jacquard-patterned details. High waist with wide, elasticated ribbing. The tights are designed with the minimum number of seams for a more comfortable fit and increased mobility."
0568601,680,1378,2989,,2962.6845005909104,-0.008804114890963444,Mariette Blazer,Blazer,Garment Upper body,Dressed,Ladieswear,Womens Tailoring,Light Grey,Solid,12,"Fitted jacket in woven fabric with notch lapels, jetted front pockets, a decorative button at the cuffs and a single back vent. Lined."
0562245,652,1354,3146,,2846.729663171397,-0.09512725264736266,Luna skinny RW,Trousers,Garment Lower body,Trousers,Ladieswear,Womens Everyday Collection,Blue,Denim,10,"5-pocket jeans in washed, superstretch denim with a regular waist, zip fly and button, and skinny legs."
0677930,592,1151,3290,,2844.3624264509667,-0.13545215001490374,Queen Sweater,Sweater,Garment Upper body,Jersey Basic,Divided,Divided Basics,Grey,Embroidery,13,"Top in lightweight sweatshirt fabric with ribbing around the neckline, cuffs and hem."
0865929,820,1723,3202,,2839.1752952637803,-0.11331190029238591,Minja 2.0,Top,Garment Upper body,Jersey Fancy,Ladieswear,Womens Everyday Collection,Black,All over pattern,4,"Fitted, polo-neck top in soft jersey with long sleeves."
0783346,642,1413,3366,,2774.1830298235877,-0.17582203510885686,Primo slacks,Trousers,Garment Lower body,Trousers,Ladieswear,Womens Everyday Collection,Black,Solid,10,Ankle-length cigarette trousers in a stretch weave with a regular waist that is elasticated at the back. Fake welt back pockets and slim legs with creases.
0372860,619,1285,2878,,2733.0647144553354,-0.05035972395575561,7p Basic Shaftless,Socks,Socks & Tights,Socks and Tights,Ladieswear,"Womens Nightwear, Socks & Tigh",Light Blue,Melange,9,Fine-knit trainer socks in a soft cotton blend.
0806388,664,1452,3198,,2690.949144443732,-0.15855248766612506,Therese tee,T-shirt,Garment Upper body,Jersey Basic,Divided,Divided Basics,Beige,Solid,12,Wide T-shirt in soft cotton jersey with a ribbed neckline.
0717490,690,1403,3205,,2682.438544352248,-0.16304569598993823,Cat Tee.,T-shirt,Garment Upper body,Jersey Basic,Divided,Divided Basics,White,Embroidery,16,T-shirt in soft jersey.
0678942,549,1066,2786,,2647.320016075005,-0.04977745295225955,Harrison short sleeve top CN,Sweater,Garment Upper body,"Under-, Nightwear",Ladieswear,"Womens Nightwear, Socks & Tigh",Off White,Melange,14,"Short-sleeved jumper in a soft, fine-knit viscose blend with ribbing around the neckline, sleeves and hem."
0874754,640,1240,3020,,2620.483928594776,-0.13229008986927948,Alexion sweater,Sweater,Garment Upper body,Knitwear,Ladieswear,Womens Casual,Green,Stripe,9,"Relaxed-fit jumper in a soft, fine knit containing some wool with dropped shoulders, long sleeves and ribbing around the neckline, cuffs and hem. The polyester content of the jumper is recycled."
0799365,749,1181,1949,,2532.5132263853434,0.29939108588268004,Vintage Slim HW ankle consc.,Trousers,Garment Lower body,Trousers Denim,Divided,Ladies Denim,Blue,Denim,5,"5-pocket, ankle-length jeans in washed denim with an extra-high waist and slim legs. The jeans are made partly from recycled cotton."
0579541,546,1101,2648,,2475.3583860410163,-0.06519698412348329,Calista cardigan.,Cardigan,Garment Upper body,Knitwear,Ladieswear,Womens Tailoring,Light Pink,Solid,19,"Cardigan in a soft, fine-knit viscose blend with buttons down the front and ribbing around the neckline, cuffs and hem."
0730683,536,1067,2754,,2441.277028783844,-0.11355227713004945,HAVANA HW tights,Leggings/Tights,Garment Lower body,Jersey Fancy,Sport,Ladies H&M Sport,Black,Placement print,7,Sports tights in fast-drying functional fabric with a high waist and wide waistband to hold in and shape the waist. Sculpting seams at the back that showcase the body’s physique. Concealed key pocket in the waistband.
0910601,774,1660,2899,,2422.8589310952225,-0.16424321107443174,Pixie PU,Trousers,Garment Lower body,Trousers,Ladieswear,Womens Everyday Collection,Beige,Treatment,2,"5-pocket, ankle-length trousers in imitation leather with a high waist, zip fly and button and straight legs with seams just below the knees."
0911870,637,1499,2636,,2421.3912769394683,-0.08141453833859325,Bama1,Sweater,Garment Upper body,Knitwear,Ladieswear,Womens Everyday Collection,Light Grey,Melange,5,"Boxy-style jumper in a soft, fine knit containing some wool with dropped shoulders, long sleeves and ribbing around the neckline, cuffs and hem. The polyester content of the jumper is recycled."
0804992,627,1343,3038,,2301.4534480055263,-0.2424445529935726,Izzy tee,T-shirt,Garment Upper body,Jersey Fancy,Sport,Ladies H&M Sport,Black,Melange,8,Wide sports top in fast-drying functional fabric with a slightly wider neckline and short cap sleeves. Rounded and slightly longer at the back.
0685816,602,1271,2642,,2234.3127045478236,-0.15431010425896152,RONNY REG RN T-SHIRT,T-shirt,Garment Upper body,Jersey Basic,Menswear,Men Underwear,Dark Blue,Solid,26,Round-necked T-shirt in soft cotton jersey.
0850917,650,1367,2462,,2220.730216303082,-0.09799747510029155,Sadie Shirt,Shirt,Garment Upper body,Blouses,Ladieswear,Womens Tailoring,Green,Solid,5,"Gently fitted shirt in a stretch weave made from a cotton blend with peak lapels, a French front and yoke at the back. Long sleeves with wide, buttoned cuffs, and a rounded hem."
0865799,690,1728,2094,,2211.5190588779924,0.05612180462177285,Pink woven,Trousers,Garment Lower body,Trousers,Ladieswear,Womens Everyday Collection,Light Beige,Solid,4,"5-pocket, ankle-length trousers in washed cotton twill with a high waist and wide, tapered legs with decorative seams at the hems."
0827968,652,1367,2814,,2181.492978126116,-0.2247715074178691,Antonia heavy t-shirt,T-shirt,Garment Upper body,Jersey Basic,Ladieswear,Womens Everyday Basics,Grey,Solid,8,Straight T-shirt in sturdy cotton jersey.
0871517,643,1130,1850,,2106.1276808774332,0.13844739506888293,BROADWAY SHIRT,Shirt,Garment Upper body,Blouses,Divided,Divided Collection,Pink,Check,9,"Straight-cut shirt in a cotton weave with a collar, buttons down the front and yoke with a pleat at the back. Open chest pocket, long sleeves with buttoned cuffs, and a rounded hem. Slightly longer at the back."
0547780,478,860,2133,,2078.480301599522,-0.02556010239122264,Basic sweatpants,Trousers,Garment Lower body,Jersey Basic,Divided,Divided Basics,Black,Melange,11,"Trousers in soft sweatshirt fabric with an elasticated drawstring waist, side pockets and ribbed hems. Soft brushed inside."
0791587,686,1028,2054,,2065.899702567828,0.005793428708777082,Speedy tee (C),T-shirt,Garment Upper body,Jersey Fancy,Sport,Ladies H&M Sport,Black,Solid,8,Straight-cut sports top in fast-drying mesh with short sleeves and a rounded hem. Slightly longer at the back. The polyester content of the top is recycled.
0867969,562,1118,2592,,2003.3532181395449,-0.2271013818906077,Skinny RW Chic,Unknown,Unknown,Trousers Denim,Divided,Ladies Denim,Black,Denim,5,"5-pocket jeans in washed, stretch denim with a regular waist, zip fly and button, and skinny legs."
0919273,758,1464,1578,,1978.7349356650009,0.25395116328580536,Lucien lace,Blouse,Garment Upper body,Blouses,Ladieswear,Womens Everyday Collection,Black,Lace,3,"Blouse in soft lace made from a cotton blend with a stand-up collar and gathers at the top to create soft draping front and back. Opening with covered buttons at the back of the neck, long puff sleeves, cuffs with covered buttons, and a gently rounded hem."
0759814,494,1007,2145,,1969.4380170158727,-0.08184707831427851,Sky HW jogger,Trousers,Garment Lower body,Jersey Basic,Divided,Divided Basics,Black,Solid,8,"Joggers in sweatshirt fabric with a high elasticated drawstring waist, side pockets and elasticated hems. Soft brushed inside."
0536139,493,966,1921,,1895.7006317162652,-0.013169894994135789,Alex Jogger (J),Pyjama bottom,Nightwear,"Under-, Nightwear",Ladieswear,"Womens Nightwear, Socks & Tigh",Black,All over pattern,13,Pyjama bottoms in lightweight fabric with an elasticated drawstring waist and tapered legs with ribbed hems.
0872537,604,1207,1968,,1881.6700114740092,-0.043866864088409896,Marita coat,Jacket,Garment Upper body,Outdoor,Ladieswear,Womens Jackets,Black,Other structure,4,"Coat in woven fabric with a soft, brushed finish. Notch lapels and a wrapover front with concealed press-studs and a detachable tie belt at the waist. Discreet side pockets and a single back vent. Satin lining. The polyester content of the coat’s lining is partly recycled."
0767423,555,1297,1680,,1880.4269182302621,0.11930173704182279,Kady Mock Neck Sweater TVP,Sweater,Garment Upper body,Knitwear,Divided,Divided Collection,Beige,Solid,7,Jumper in a soft knit with a turtle neck and long raglan sleeves.
